Uma Cain|Carnoustie|varius.et.euismod@tincidunttempus.org
Seth O. Orr|Düsseldorf|nunc.est@commodoauctor.com
Neve H. Cline|Woodlands County|lorem.vitae@id.ca
Armand Z. Torres|Bamberg|risus.varius@sapien.com
Warren S. Conrad|Langen|Suspendisse@amet.net
Sara Rowland|Cirebon|et.magnis.dis@velitegestas.edu
Echo Lancaster|Reinbek|pede.ac.urna@parturientmontesnascetur.net
Raja V. Berg|Istanbul|nisl.Nulla@lacusUtnec.net
Kieran Sexton|Woutersbrakel|Integer@convallis.com
Patrick Hester|Orangeville|consectetuer.adipiscing@urna.edu
Ulla Z. Gilbert|Oyen|mattis@vehicula.co.uk
Brody Ortiz|Pradamano|nonummy.ut@nibh.ca
Kylee Randolph|Jabbeke|neque@rhoncusidmollis.ca
Tatyana Q. Rice|Annapolis County|sapien@mienimcondimentum.edu
Bryar Nunez|Perchtoldsdorf|massa@Inscelerisquescelerisque.org
Heather G. Chen|Elektrostal|eu@sed.edu
Byron Kaufman|Gorbea|felis.orci@euodio.org
Jared Case|Perquenco|in.lobortis@Donecconsectetuermauris.net
Alice V. Head|Rotheux-RimiŽre|ultrices.Duis@tinciduntnequevitae.co.uk
Ignacia Farley|Campinas|bibendum.ullamcorper.Duis@egetnisidictum.com
Tatyana Nielsen|Orange|malesuada.ut@estMauriseu.ca
Macon U. Cantrell|Sioux City|Cum@anteblanditviverra.com
Garth Boyer|Blind River|Nunc.mauris@auctor.net
Gray M. Le|Tarnów|fringilla.purus@nullaDonec.edu
Jerry L. Melendez|Merksplas|nisi@augueut.edu
Hunter I. Wilkins|Baracaldo|Nullam.lobortis.quam@semelitpharetra.ca
Ulla P. Fitzpatrick|Blankenfelde-Mahlow|lorem.tristique@etmagnis.net
Zahir Suarez|San Juan de Pasto|libero@nuncnullavulputate.co.uk
Leroy D. Gates|Krasnaya Yaruga|gravida.Aliquam@commodohendrerit.edu
Minerva J. Cherry|Açailândia|Integer.mollis@egestasblandit.co.uk
Alexis Bush|Steenhuffel|in.magna@elit.co.uk
Hakeem Hughes|Zaanstad|mus@Aeneaneuismod.edu
Donna Reese|Tredegar|eget.volutpat.ornare@nuncsed.edu
Tyrone T. Nunez|Carahue|Suspendisse.dui@dolor.edu
Rebecca Hall|Baunatal|dolor.sit.amet@risusNulla.org
Kameko Franco|Karachi|felis.Nulla@Sedeu.org
Abdul F. Carlson|Bonnyville|nibh.Aliquam@nulla.com
Chloe G. Thornton|Ligny|tincidunt.adipiscing.Mauris@feugiatSednec.net
Neville K. Britt|Aydın|accumsan.neque@egetvolutpatornare.com
Odysseus W. Weber|Pichidegua|lacus.varius.et@porttitor.ca
Zachery P. Molina|Chaudfontaine|cursus.non@musProinvel.com
Calvin R. Daniel|West Valley City|mus@leoelementumsem.net
Erasmus C. Perkins|Veerle|Aliquam@risusMorbimetus.com
Molly U. Vincent|Fallo|neque@venenatis.ca
Christopher Dudley|Heerlen|ipsum.Curabitur@turpisegestas.org
Fredericka A. Zamora|Weston-super-Mare|erat.volutpat.Nulla@felispurusac.edu
Ebony F. Mccarthy|Moio Alcantara|Sed.molestie@erateget.org
Beverly E. Lowery|Steendorp|risus@ornareFusce.edu
Preston Henry|Mottola|amet@aultriciesadipiscing.org
Autumn K. Sparks|Charny|mauris@liberoProin.net
Freya Kirkland|Tampico|Vivamus.sit.amet@scelerisquelorem.org
Coby Spence|Amsterdam|Nulla.eu@porttitor.org
Callum Foley|Surabaya|Mauris.quis@fermentummetusAenean.org
Sloane Davidson|Stintino|quis@est.net
Abra N. Martinez|Yopal|in@vitaesodales.com
Roth J. Gibson|Minneapolis|semper.erat.in@etarcuimperdiet.co.uk
Cedric I. Townsend|Verrayes|feugiat.tellus@blanditat.edu
Macey Woodard|Eschwege|Praesent@Vivamus.com
Rhea Brady|Caledon|in.faucibus@luctusvulputatenisi.edu
Maya L. Mccall|Mascalucia|laoreet@accumsan.net
Cole Riley|Río Negro|adipiscing.enim@Curae.co.uk
Karina B. Thornton|Luik|massa.Suspendisse@amet.com
Todd Crosby|Béthune|sollicitudin.commodo.ipsum@leoelementum.net
Yvette Blackburn|Fossato Serralta|dictum.cursus@habitantmorbitristique.org
Autumn C. Jacobson|Melle|eget.magna.Suspendisse@magna.net
Melissa Wilson|Merbes-le-Ch‰teau|lorem.eget@justo.net
Xyla Z. Goff|Castiglione di Sicilia|semper@egetmassa.edu
Mona Whitehead|Castro|erat.vel.pede@scelerisque.net
Dakota Q. Pollard|Tourinnes-Saint-Lambert|ipsum.nunc@nullavulputatedui.org
Abigail O. Hatfield|Vieux-Genappe|augue@utipsum.com
Olivia P. Padilla|Walsall|rutrum.Fusce.dolor@egestasDuisac.edu
Adrian N. Mcguire|Provost|Etiam.imperdiet.dictum@Donecelementum.net
Sawyer Walker|Palmiano|et.tristique.pellentesque@volutpatornarefacilisis.org
Fulton Edwards|Nuraminis|sed.libero@vel.com
Hector Finch|Pont-de-Loup|Fusce.aliquam@ornaresagittis.co.uk
Noelle I. Burch|Gentbrugge|nec.mollis@Cumsociisnatoque.com
Fay Huff|El Tambo|Suspendisse.dui@dignissimmagnaa.ca
Chase Harvey|Terzorio|nisi@lectusquis.ca
Griffith Mooney|Renfrew|nulla.ante@tortordictum.com
Pandora Dawson|Virginia Beach|nascetur.ridiculus.mus@etmagnis.edu
Buffy Livingston|Campobasso|felis.adipiscing@Proin.org
Emi C. Harrell|Melville|Proin@sempertellusid.co.uk
Daquan Elliott|Issy-les-Moulineaux|Suspendisse.dui.Fusce@lacusvestibulumlorem.org
Brooke Kaufman|Nairn|feugiat.placerat@consectetuer.com
Emma Barrera|South Burlington|eget@vestibulumloremsit.edu
Alvin Wolfe|Heerenveen|diam@tellusSuspendisse.org
Keegan P. Randolph|Ludwigshafen|nec@purusactellus.co.uk
Eliana I. Riggs|Roccalumera|vel.est.tempor@aaliquetvel.com
Alan Baldwin|Little Rock|sodales.at.velit@adipiscinglobortisrisus.co.uk
Harriet A. Short|Heide|semper.Nam@diamPellentesquehabitant.net
Dante M. Cleveland|Carterton|at.pede.Cras@mifringillami.ca
Hall Ashley|Aalbeke|vehicula.aliquet@vitaeposuere.ca
Samantha Anderson|Sambalpur|ante.dictum@ridiculusmus.org
Willow X. Rodgers|Cochrane|dis.parturient@pellentesque.co.uk
Jolie V. Rivers|Marabá|enim.Mauris.quis@sodales.net
Ferris Conway|Perth|magna@euaccumsan.edu
Magee Lane|Jumet|mattis.Cras@facilisisnon.ca
Alyssa I. Williams|San Fernando|euismod.ac.fermentum@Sed.co.uk
Allistair Mays|Amsterdam|tincidunt.nunc@ametconsectetuer.org
Sopoline R. Cochran|Neunkirchen|magna@Pellentesquetincidunttempus.edu